config,instance_file,count,best,median,avg,std,interquartile_range,outliers,avg_time
input/prob-software-85-100-812-12180.txt | ,prob-software-85-100-812-12180.txt,16,8943.0,6582.0,6829.0625,1217.8238771814804,2240.5,0,74.13451644778252
input/sukp03_100_100_0.10_0.75.txt | ,sukp03_100_100_0.10_0.75.txt,13,10680.0,8179.0,8039.7692307692305,1567.156137394854,3057.5,0,71.02736102617703
input/sukp06_200_200_0.10_0.75.txt | ,sukp06_200_200_0.10_0.75.txt,11,4209.0,2268.0,2474.3636363636365,886.2418713564907,1195.0,0,62.21444769339128
input/sukp12_400_400_0.10_0.75.txt | ,sukp12_400_400_0.10_0.75.txt,9,513.0,422.0,328.77777777777777,186.34898562762407,329.5,0,120.87807774543762
input/sukp18_100_100_0.15_0.85.txt | ,sukp18_100_100_0.15_0.85.txt,9,10869.0,10338.0,9487.444444444445,1429.282172203158,2840.5,0,63.12604469723172
input/sukp24_300_300_0.15_0.85.txt | ,sukp24_300_300_0.15_0.85.txt,9,1607.0,1120.0,1169.3333333333333,366.1598011797581,624.5,0,70.2632666958703
input/sukp29_500_485_0.15_0.85.txt | ,sukp29_500_485_0.15_0.85.txt,8,435.0,116.5,184.25,206.2001454897644,413.5,0,183.9537588953972
