config,instance_file,count,best,median,avg,std,interquartile_range,outliers,avg_time
input/prob-software-85-100-812-12180.txt | ,prob-software-85-100-812-12180.txt,143,11714.0,10497.0,8743.58041958042,3700.3392867137204,1420.0,34,45.87881118267566
input/sukp03_100_100_0.10_0.75.txt | ,sukp03_100_100_0.10_0.75.txt,1184,13803.0,12638.0,12573.565878378378,830.9488973718672,1228.0,16,9.435394629030615
input/sukp06_200_200_0.10_0.75.txt | ,sukp06_200_200_0.10_0.75.txt,1184,10104.0,7678.0,7721.80152027027,1467.9784284536083,1625.0,62,31.26818169492322
input/sukp12_400_400_0.10_0.75.txt | ,sukp12_400_400_0.10_0.75.txt,14,244.0,0.0,17.428571428571427,65.21174302663155,0.0,0,55.23934829235077
input/sukp18_100_100_0.15_0.85.txt | ,sukp18_100_100_0.15_0.85.txt,1180,13498.0,12176.0,12130.237288135593,667.7458476200686,903.0,0,8.737006232496036
input/sukp24_300_300_0.15_0.85.txt | ,sukp24_300_300_0.15_0.85.txt,9,84.0,0.0,9.333333333333334,28.0,0.0,0,57.47370847066244
input/sukp29_500_485_0.15_0.85.txt | ,sukp29_500_485_0.15_0.85.txt,9,0.0,0.0,0.0,0.0,0.0,0,70.07246565818787
